shot_id,probability,physical_error,final_correction,hard_prediction,failure,D_r,D_g,D_b,W,minimizing_color,phi,D_min,minus_W,delta_class,delta_corr,within_class_suboptimality,optimal_class_gap
0,0.8079828447811298,0000000,0000000,0,0,10.42829606950582,10.42829606950582,10.42829606950582,0.0,r,10.42829606950582,10.42829606950582,-0.0,10.42829606950582,10.42829606950582,0.0,10.42829606950582
1,0.024989160147869994,0000001,0000001,0,0,6.9521973796705465,6.9521973796705465,6.9521973796705465,3.4760986898352733,r,3.4760986898352733,6.9521973796705465,-3.4760986898352733,3.4760986898352733,3.4760986898352733,0.0,3.4760986898352733
2,0.024989160147869994,0000010,0000010,0,0,6.9521973796705465,6.9521973796705465,6.9521973796705465,3.4760986898352733,r,3.4760986898352733,6.9521973796705465,-3.4760986898352733,3.4760986898352733,3.4760986898352733,0.0,3.4760986898352733
3,0.0007728606231299999,0000011,1000000,1,1,6.9521973796705465,6.9521973796705465,6.9521973796705465,3.4760986898352733,r,3.4760986898352733,6.9521973796705465,-3.4760986898352733,3.4760986898352733,3.4760986898352733,0.0,3.4760986898352733
4,0.024989160147869994,0000100,0000100,0,0,6.9521973796705465,6.9521973796705465,6.9521973796705465,3.4760986898352733,r,3.4760986898352733,6.9521973796705465,-3.4760986898352733,3.4760986898352733,3.4760986898352733,0.0,3.4760986898352733
5,0.0007728606231299999,0000101,0010000,1,1,6.9521973796705465,6.9521973796705465,6.9521973796705465,3.4760986898352733,r,3.4760986898352733,6.9521973796705465,-3.4760986898352733,3.4760986898352733,3.4760986898352733,0.0,3.4760986898352733
6,0.0007728606231299999,0000110,0100000,1,1,6.9521973796705465,6.9521973796705465,6.9521973796705465,3.4760986898352733,r,3.4760986898352733,6.9521973796705465,-3.4760986898352733,3.4760986898352733,3.4760986898352733,0.0,3.4760986898352733
7,2.3902905869999993e-05,0000111,0001000,0,0,6.9521973796705465,6.9521973796705465,6.9521973796705465,3.4760986898352733,r,3.4760986898352733,6.9521973796705465,-3.4760986898352733,3.4760986898352733,3.4760986898352733,0.0,3.4760986898352733
8,0.024989160147869994,0001000,0001000,0,0,6.9521973796705465,6.9521973796705465,6.9521973796705465,3.4760986898352733,r,3.4760986898352733,6.9521973796705465,-3.4760986898352733,3.4760986898352733,3.4760986898352733,0.0,3.4760986898352733
9,0.0007728606231299999,0001001,0100000,1,1,6.9521973796705465,6.9521973796705465,6.9521973796705465,3.4760986898352733,r,3.4760986898352733,6.9521973796705465,-3.4760986898352733,3.4760986898352733,3.4760986898352733,0.0,3.4760986898352733
10,0.0007728606231299999,0001010,0010000,1,1,6.9521973796705465,6.9521973796705465,6.9521973796705465,3.4760986898352733,r,3.4760986898352733,6.9521973796705465,-3.4760986898352733,3.4760986898352733,3.4760986898352733,0.0,3.4760986898352733
11,2.3902905869999993e-05,0001011,0000100,0,0,6.9521973796705465,6.9521973796705465,6.9521973796705465,3.4760986898352733,r,3.4760986898352733,6.9521973796705465,-3.4760986898352733,3.4760986898352733,3.4760986898352733,0.0,3.4760986898352733
12,0.0007728606231299999,0001100,1000000,1,1,6.9521973796705465,6.9521973796705465,6.9521973796705465,3.4760986898352733,r,3.4760986898352733,6.9521973796705465,-3.4760986898352733,3.4760986898352733,3.4760986898352733,0.0,3.4760986898352733
13,2.3902905869999993e-05,0001101,0000010,0,0,6.9521973796705465,6.9521973796705465,6.9521973796705465,3.4760986898352733,r,3.4760986898352733,6.9521973796705465,-3.4760986898352733,3.4760986898352733,3.4760986898352733,0.0,3.4760986898352733
14,2.3902905869999993e-05,0001110,0000001,0,0,6.9521973796705465,6.9521973796705465,6.9521973796705465,3.4760986898352733,r,3.4760986898352733,6.9521973796705465,-3.4760986898352733,3.4760986898352733,3.4760986898352733,0.0,3.4760986898352733
15,7.392651299999999e-07,0001111,0000000,0,0,10.42829606950582,10.42829606950582,10.42829606950582,0.0,r,10.42829606950582,10.42829606950582,-0.0,10.42829606950582,10.42829606950582,0.0,10.42829606950582
16,0.024989160147869994,0010000,0010000,1,0,6.9521973796705465,6.9521973796705465,6.9521973796705465,3.4760986898352733,r,3.4760986898352733,6.9521973796705465,-3.4760986898352733,3.4760986898352733,3.4760986898352733,0.0,3.4760986898352733
17,0.0007728606231299999,0010001,0000100,0,1,6.9521973796705465,6.9521973796705465,6.9521973796705465,3.4760986898352733,r,3.4760986898352733,6.9521973796705465,-3.4760986898352733,3.4760986898352733,3.4760986898352733,0.0,3.4760986898352733
18,0.0007728606231299999,0010010,0001000,0,1,6.9521973796705465,6.9521973796705465,6.9521973796705465,3.4760986898352733,r,3.4760986898352733,6.9521973796705465,-3.4760986898352733,3.4760986898352733,3.4760986898352733,0.0,3.4760986898352733
19,2.3902905869999993e-05,0010011,0100000,1,0,6.9521973796705465,6.9521973796705465,6.9521973796705465,3.4760986898352733,r,3.4760986898352733,6.9521973796705465,-3.4760986898352733,3.4760986898352733,3.4760986898352733,0.0,3.4760986898352733
20,0.0007728606231299999,0010100,0000001,0,1,6.9521973796705465,6.9521973796705465,6.9521973796705465,3.4760986898352733,r,3.4760986898352733,6.9521973796705465,-3.4760986898352733,3.4760986898352733,3.4760986898352733,0.0,3.4760986898352733
21,2.3902905869999993e-05,0010101,0000000,0,1,10.42829606950582,10.42829606950582,10.42829606950582,0.0,r,10.42829606950582,10.42829606950582,-0.0,10.42829606950582,10.42829606950582,0.0,10.42829606950582
22,2.3902905869999993e-05,0010110,1000000,1,0,6.9521973796705465,6.9521973796705465,6.9521973796705465,3.4760986898352733,r,3.4760986898352733,6.9521973796705465,-3.4760986898352733,3.4760986898352733,3.4760986898352733,0.0,3.4760986898352733
23,7.392651299999999e-07,0010111,0000010,0,1,6.9521973796705465,6.9521973796705465,6.9521973796705465,3.4760986898352733,r,3.4760986898352733,6.9521973796705465,-3.4760986898352733,3.4760986898352733,3.4760986898352733,0.0,3.4760986898352733
24,0.0007728606231299999,0011000,0000010,0,1,6.9521973796705465,6.9521973796705465,6.9521973796705465,3.4760986898352733,r,3.4760986898352733,6.9521973796705465,-3.4760986898352733,3.4760986898352733,3.4760986898352733,0.0,3.4760986898352733
25,2.3902905869999993e-05,0011001,1000000,1,0,6.9521973796705465,6.9521973796705465,6.9521973796705465,3.4760986898352733,r,3.4760986898352733,6.9521973796705465,-3.4760986898352733,3.4760986898352733,3.4760986898352733,0.0,3.4760986898352733
26,2.3902905869999993e-05,0011010,0000000,0,1,10.42829606950582,10.42829606950582,10.42829606950582,0.0,r,10.42829606950582,10.42829606950582,-0.0,10.42829606950582,10.42829606950582,0.0,10.42829606950582
27,7.392651299999999e-07,0011011,0000001,0,1,6.9521973796705465,6.9521973796705465,6.9521973796705465,3.4760986898352733,r,3.4760986898352733,6.9521973796705465,-3.4760986898352733,3.4760986898352733,3.4760986898352733,0.0,3.4760986898352733
28,2.3902905869999993e-05,0011100,0100000,1,0,6.9521973796705465,6.9521973796705465,6.9521973796705465,3.4760986898352733,r,3.4760986898352733,6.9521973796705465,-3.4760986898352733,3.4760986898352733,3.4760986898352733,0.0,3.4760986898352733
29,7.392651299999999e-07,0011101,0001000,0,1,6.9521973796705465,6.9521973796705465,6.9521973796705465,3.4760986898352733,r,3.4760986898352733,6.9521973796705465,-3.4760986898352733,3.4760986898352733,3.4760986898352733,0.0,3.4760986898352733
30,7.392651299999999e-07,0011110,0000100,0,1,6.9521973796705465,6.9521973796705465,6.9521973796705465,3.4760986898352733,r,3.4760986898352733,6.9521973796705465,-3.4760986898352733,3.4760986898352733,3.4760986898352733,0.0,3.4760986898352733
31,2.2863869999999994e-08,0011111,0010000,1,0,6.9521973796705465,6.9521973796705465,6.9521973796705465,3.4760986898352733,r,3.4760986898352733,6.9521973796705465,-3.4760986898352733,3.4760986898352733,3.4760986898352733,0.0,3.4760986898352733
32,0.024989160147869994,0100000,0100000,1,0,6.9521973796705465,6.9521973796705465,6.9521973796705465,3.4760986898352733,r,3.4760986898352733,6.9521973796705465,-3.4760986898352733,3.4760986898352733,3.4760986898352733,0.0,3.4760986898352733
33,0.0007728606231299999,0100001,0001000,0,1,6.9521973796705465,6.9521973796705465,6.9521973796705465,3.4760986898352733,r,3.4760986898352733,6.9521973796705465,-3.4760986898352733,3.4760986898352733,3.4760986898352733,0.0,3.4760986898352733
34,0.0007728606231299999,0100010,0000100,0,1,6.9521973796705465,6.9521973796705465,6.9521973796705465,3.4760986898352733,r,3.4760986898352733,6.9521973796705465,-3.4760986898352733,3.4760986898352733,3.4760986898352733,0.0,3.4760986898352733
35,2.3902905869999993e-05,0100011,0010000,1,0,6.9521973796705465,6.9521973796705465,6.9521973796705465,3.4760986898352733,r,3.4760986898352733,6.9521973796705465,-3.4760986898352733,3.4760986898352733,3.4760986898352733,0.0,3.4760986898352733
36,0.0007728606231299999,0100100,0000010,0,1,6.9521973796705465,6.9521973796705465,6.9521973796705465,3.4760986898352733,r,3.4760986898352733,6.9521973796705465,-3.4760986898352733,3.4760986898352733,3.4760986898352733,0.0,3.4760986898352733
37,2.3902905869999993e-05,0100101,1000000,1,0,6.9521973796705465,6.9521973796705465,6.9521973796705465,3.4760986898352733,r,3.4760986898352733,6.9521973796705465,-3.4760986898352733,3.4760986898352733,3.4760986898352733,0.0,3.4760986898352733
38,2.3902905869999993e-05,0100110,0000000,0,1,10.42829606950582,10.42829606950582,10.42829606950582,0.0,r,10.42829606950582,10.42829606950582,-0.0,10.42829606950582,10.42829606950582,0.0,10.42829606950582
39,7.392651299999999e-07,0100111,0000001,0,1,6.9521973796705465,6.9521973796705465,6.9521973796705465,3.4760986898352733,r,3.4760986898352733,6.9521973796705465,-3.4760986898352733,3.4760986898352733,3.4760986898352733,0.0,3.4760986898352733
40,0.0007728606231299999,0101000,0000001,0,1,6.9521973796705465,6.9521973796705465,6.9521973796705465,3.4760986898352733,r,3.4760986898352733,6.9521973796705465,-3.4760986898352733,3.4760986898352733,3.4760986898352733,0.0,3.4760986898352733
41,2.3902905869999993e-05,0101001,0000000,0,1,10.42829606950582,10.42829606950582,10.42829606950582,0.0,r,10.42829606950582,10.42829606950582,-0.0,10.42829606950582,10.42829606950582,0.0,10.42829606950582
42,2.3902905869999993e-05,0101010,1000000,1,0,6.9521973796705465,6.9521973796705465,6.9521973796705465,3.4760986898352733,r,3.4760986898352733,6.9521973796705465,-3.4760986898352733,3.4760986898352733,3.4760986898352733,0.0,3.4760986898352733
43,7.392651299999999e-07,0101011,0000010,0,1,6.9521973796705465,6.9521973796705465,6.9521973796705465,3.4760986898352733,r,3.4760986898352733,6.9521973796705465,-3.4760986898352733,3.4760986898352733,3.4760986898352733,0.0,3.4760986898352733
44,2.3902905869999993e-05,0101100,0010000,1,0,6.9521973796705465,6.9521973796705465,6.9521973796705465,3.4760986898352733,r,3.4760986898352733,6.9521973796705465,-3.4760986898352733,3.4760986898352733,3.4760986898352733,0.0,3.4760986898352733
45,7.392651299999999e-07,0101101,0000100,0,1,6.9521973796705465,6.9521973796705465,6.9521973796705465,3.4760986898352733,r,3.4760986898352733,6.9521973796705465,-3.4760986898352733,3.4760986898352733,3.4760986898352733,0.0,3.4760986898352733
46,7.392651299999999e-07,0101110,0001000,0,1,6.9521973796705465,6.9521973796705465,6.9521973796705465,3.4760986898352733,r,3.4760986898352733,6.9521973796705465,-3.4760986898352733,3.4760986898352733,3.4760986898352733,0.0,3.4760986898352733
47,2.2863869999999994e-08,0101111,0100000,1,0,6.9521973796705465,6.9521973796705465,6.9521973796705465,3.4760986898352733,r,3.4760986898352733,6.9521973796705465,-3.4760986898352733,3.4760986898352733,3.4760986898352733,0.0,3.4760986898352733
48,0.0007728606231299999,0110000,1000000,1,1,6.9521973796705465,6.9521973796705465,6.9521973796705465,3.4760986898352733,r,3.4760986898352733,6.9521973796705465,-3.4760986898352733,3.4760986898352733,3.4760986898352733,0.0,3.4760986898352733
49,2.3902905869999993e-05,0110001,0000010,0,0,6.9521973796705465,6.9521973796705465,6.9521973796705465,3.4760986898352733,r,3.4760986898352733,6.9521973796705465,-3.4760986898352733,3.4760986898352733,3.4760986898352733,0.0,3.4760986898352733
50,2.3902905869999993e-05,0110010,0000001,0,0,6.9521973796705465,6.9521973796705465,6.9521973796705465,3.4760986898352733,r,3.4760986898352733,6.9521973796705465,-3.4760986898352733,3.4760986898352733,3.4760986898352733,0.0,3.4760986898352733
51,7.392651299999999e-07,0110011,0000000,0,0,10.42829606950582,10.42829606950582,10.42829606950582,0.0,r,10.42829606950582,10.42829606950582,-0.0,10.42829606950582,10.42829606950582,0.0,10.42829606950582
52,2.3902905869999993e-05,0110100,0001000,0,0,6.9521973796705465,6.9521973796705465,6.9521973796705465,3.4760986898352733,r,3.4760986898352733,6.9521973796705465,-3.4760986898352733,3.4760986898352733,3.4760986898352733,0.0,3.4760986898352733
53,7.392651299999999e-07,0110101,0100000,1,1,6.9521973796705465,6.9521973796705465,6.9521973796705465,3.4760986898352733,r,3.4760986898352733,6.9521973796705465,-3.4760986898352733,3.4760986898352733,3.4760986898352733,0.0,3.4760986898352733
54,7.392651299999999e-07,0110110,0010000,1,1,6.9521973796705465,6.9521973796705465,6.9521973796705465,3.4760986898352733,r,3.4760986898352733,6.9521973796705465,-3.4760986898352733,3.4760986898352733,3.4760986898352733,0.0,3.4760986898352733
55,2.2863869999999994e-08,0110111,0000100,0,0,6.9521973796705465,6.9521973796705465,6.9521973796705465,3.4760986898352733,r,3.4760986898352733,6.9521973796705465,-3.4760986898352733,3.4760986898352733,3.4760986898352733,0.0,3.4760986898352733
56,2.3902905869999993e-05,0111000,0000100,0,0,6.9521973796705465,6.9521973796705465,6.9521973796705465,3.4760986898352733,r,3.4760986898352733,6.9521973796705465,-3.4760986898352733,3.4760986898352733,3.4760986898352733,0.0,3.4760986898352733
57,7.392651299999999e-07,0111001,0010000,1,1,6.9521973796705465,6.9521973796705465,6.9521973796705465,3.4760986898352733,r,3.4760986898352733,6.9521973796705465,-3.4760986898352733,3.4760986898352733,3.4760986898352733,0.0,3.4760986898352733
58,7.392651299999999e-07,0111010,0100000,1,1,6.9521973796705465,6.9521973796705465,6.9521973796705465,3.4760986898352733,r,3.4760986898352733,6.9521973796705465,-3.4760986898352733,3.4760986898352733,3.4760986898352733,0.0,3.4760986898352733
59,2.2863869999999994e-08,0111011,0001000,0,0,6.9521973796705465,6.9521973796705465,6.9521973796705465,3.4760986898352733,r,3.4760986898352733,6.9521973796705465,-3.4760986898352733,3.4760986898352733,3.4760986898352733,0.0,3.4760986898352733
60,7.392651299999999e-07,0111100,0000000,0,0,10.42829606950582,10.42829606950582,10.42829606950582,0.0,r,10.42829606950582,10.42829606950582,-0.0,10.42829606950582,10.42829606950582,0.0,10.42829606950582
61,2.2863869999999994e-08,0111101,0000001,0,0,6.9521973796705465,6.9521973796705465,6.9521973796705465,3.4760986898352733,r,3.4760986898352733,6.9521973796705465,-3.4760986898352733,3.4760986898352733,3.4760986898352733,0.0,3.4760986898352733
62,2.2863869999999994e-08,0111110,0000010,0,0,6.9521973796705465,6.9521973796705465,6.9521973796705465,3.4760986898352733,r,3.4760986898352733,6.9521973796705465,-3.4760986898352733,3.4760986898352733,3.4760986898352733,0.0,3.4760986898352733
63,7.071299999999998e-10,0111111,1000000,1,1,6.9521973796705465,6.9521973796705465,6.9521973796705465,3.4760986898352733,r,3.4760986898352733,6.9521973796705465,-3.4760986898352733,3.4760986898352733,3.4760986898352733,0.0,3.4760986898352733
64,0.024989160147869994,1000000,1000000,1,0,6.9521973796705465,6.9521973796705465,6.9521973796705465,3.4760986898352733,r,3.4760986898352733,6.9521973796705465,-3.4760986898352733,3.4760986898352733,3.4760986898352733,0.0,3.4760986898352733
65,0.0007728606231299999,1000001,0000010,0,1,6.9521973796705465,6.9521973796705465,6.9521973796705465,3.4760986898352733,r,3.4760986898352733,6.9521973796705465,-3.4760986898352733,3.4760986898352733,3.4760986898352733,0.0,3.4760986898352733
66,0.0007728606231299999,1000010,0000001,0,1,6.9521973796705465,6.9521973796705465,6.9521973796705465,3.4760986898352733,r,3.4760986898352733,6.9521973796705465,-3.4760986898352733,3.4760986898352733,3.4760986898352733,0.0,3.4760986898352733
67,2.3902905869999993e-05,1000011,0000000,0,1,10.42829606950582,10.42829606950582,10.42829606950582,0.0,r,10.42829606950582,10.42829606950582,-0.0,10.42829606950582,10.42829606950582,0.0,10.42829606950582
68,0.0007728606231299999,1000100,0001000,0,1,6.9521973796705465,6.9521973796705465,6.9521973796705465,3.4760986898352733,r,3.4760986898352733,6.9521973796705465,-3.4760986898352733,3.4760986898352733,3.4760986898352733,0.0,3.4760986898352733
69,2.3902905869999993e-05,1000101,0100000,1,0,6.9521973796705465,6.9521973796705465,6.9521973796705465,3.4760986898352733,r,3.4760986898352733,6.9521973796705465,-3.4760986898352733,3.4760986898352733,3.4760986898352733,0.0,3.4760986898352733
70,2.3902905869999993e-05,1000110,0010000,1,0,6.9521973796705465,6.9521973796705465,6.9521973796705465,3.4760986898352733,r,3.4760986898352733,6.9521973796705465,-3.4760986898352733,3.4760986898352733,3.4760986898352733,0.0,3.4760986898352733
71,7.392651299999999e-07,1000111,0000100,0,1,6.9521973796705465,6.9521973796705465,6.9521973796705465,3.4760986898352733,r,3.4760986898352733,6.9521973796705465,-3.4760986898352733,3.4760986898352733,3.4760986898352733,0.0,3.4760986898352733
72,0.0007728606231299999,1001000,0000100,0,1,6.9521973796705465,6.9521973796705465,6.9521973796705465,3.4760986898352733,r,3.4760986898352733,6.9521973796705465,-3.4760986898352733,3.4760986898352733,3.4760986898352733,0.0,3.4760986898352733
73,2.3902905869999993e-05,1001001,0010000,1,0,6.9521973796705465,6.9521973796705465,6.9521973796705465,3.4760986898352733,r,3.4760986898352733,6.9521973796705465,-3.4760986898352733,3.4760986898352733,3.4760986898352733,0.0,3.4760986898352733
74,2.3902905869999993e-05,1001010,0100000,1,0,6.9521973796705465,6.9521973796705465,6.9521973796705465,3.4760986898352733,r,3.4760986898352733,6.9521973796705465,-3.4760986898352733,3.4760986898352733,3.4760986898352733,0.0,3.4760986898352733
75,7.392651299999999e-07,1001011,0001000,0,1,6.9521973796705465,6.9521973796705465,6.9521973796705465,3.4760986898352733,r,3.4760986898352733,6.9521973796705465,-3.4760986898352733,3.4760986898352733,3.4760986898352733,0.0,3.4760986898352733
76,2.3902905869999993e-05,1001100,0000000,0,1,10.42829606950582,10.42829606950582,10.42829606950582,0.0,r,10.42829606950582,10.42829606950582,-0.0,10.42829606950582,10.42829606950582,0.0,10.42829606950582
77,7.392651299999999e-07,1001101,0000001,0,1,6.9521973796705465,6.9521973796705465,6.9521973796705465,3.4760986898352733,r,3.4760986898352733,6.9521973796705465,-3.4760986898352733,3.4760986898352733,3.4760986898352733,0.0,3.4760986898352733
78,7.392651299999999e-07,1001110,0000010,0,1,6.9521973796705465,6.9521973796705465,6.9521973796705465,3.4760986898352733,r,3.4760986898352733,6.9521973796705465,-3.4760986898352733,3.4760986898352733,3.4760986898352733,0.0,3.4760986898352733
79,2.2863869999999994e-08,1001111,1000000,1,0,6.9521973796705465,6.9521973796705465,6.9521973796705465,3.4760986898352733,r,3.4760986898352733,6.9521973796705465,-3.4760986898352733,3.4760986898352733,3.4760986898352733,0.0,3.4760986898352733
80,0.0007728606231299999,1010000,0100000,1,1,6.9521973796705465,6.9521973796705465,6.9521973796705465,3.4760986898352733,r,3.4760986898352733,6.9521973796705465,-3.4760986898352733,3.4760986898352733,3.4760986898352733,0.0,3.4760986898352733
81,2.3902905869999993e-05,1010001,0001000,0,0,6.9521973796705465,6.9521973796705465,6.9521973796705465,3.4760986898352733,r,3.4760986898352733,6.9521973796705465,-3.4760986898352733,3.4760986898352733,3.4760986898352733,0.0,3.4760986898352733
82,2.3902905869999993e-05,1010010,0000100,0,0,6.9521973796705465,6.9521973796705465,6.9521973796705465,3.4760986898352733,r,3.4760986898352733,6.9521973796705465,-3.4760986898352733,3.4760986898352733,3.4760986898352733,0.0,3.4760986898352733
83,7.392651299999999e-07,1010011,0010000,1,1,6.9521973796705465,6.9521973796705465,6.9521973796705465,3.4760986898352733,r,3.4760986898352733,6.9521973796705465,-3.4760986898352733,3.4760986898352733,3.4760986898352733,0.0,3.4760986898352733
84,2.3902905869999993e-05,1010100,0000010,0,0,6.9521973796705465,6.9521973796705465,6.9521973796705465,3.4760986898352733,r,3.4760986898352733,6.9521973796705465,-3.4760986898352733,3.4760986898352733,3.4760986898352733,0.0,3.4760986898352733
85,7.392651299999999e-07,1010101,1000000,1,1,6.9521973796705465,6.9521973796705465,6.9521973796705465,3.4760986898352733,r,3.4760986898352733,6.9521973796705465,-3.4760986898352733,3.4760986898352733,3.4760986898352733,0.0,3.4760986898352733
86,7.392651299999999e-07,1010110,0000000,0,0,10.42829606950582,10.42829606950582,10.42829606950582,0.0,r,10.42829606950582,10.42829606950582,-0.0,10.42829606950582,10.42829606950582,0.0,10.42829606950582
87,2.2863869999999994e-08,1010111,0000001,0,0,6.9521973796705465,6.9521973796705465,6.9521973796705465,3.4760986898352733,r,3.4760986898352733,6.9521973796705465,-3.4760986898352733,3.4760986898352733,3.4760986898352733,0.0,3.4760986898352733
88,2.3902905869999993e-05,1011000,0000001,0,0,6.9521973796705465,6.9521973796705465,6.9521973796705465,3.4760986898352733,r,3.4760986898352733,6.9521973796705465,-3.4760986898352733,3.4760986898352733,3.4760986898352733,0.0,3.4760986898352733
89,7.392651299999999e-07,1011001,0000000,0,0,10.42829606950582,10.42829606950582,10.42829606950582,0.0,r,10.42829606950582,10.42829606950582,-0.0,10.42829606950582,10.42829606950582,0.0,10.42829606950582
90,7.392651299999999e-07,1011010,1000000,1,1,6.9521973796705465,6.9521973796705465,6.9521973796705465,3.4760986898352733,r,3.4760986898352733,6.9521973796705465,-3.4760986898352733,3.4760986898352733,3.4760986898352733,0.0,3.4760986898352733
91,2.2863869999999994e-08,1011011,0000010,0,0,6.9521973796705465,6.9521973796705465,6.9521973796705465,3.4760986898352733,r,3.4760986898352733,6.9521973796705465,-3.4760986898352733,3.4760986898352733,3.4760986898352733,0.0,3.4760986898352733
92,7.392651299999999e-07,1011100,0010000,1,1,6.9521973796705465,6.9521973796705465,6.9521973796705465,3.4760986898352733,r,3.4760986898352733,6.9521973796705465,-3.4760986898352733,3.4760986898352733,3.4760986898352733,0.0,3.4760986898352733
93,2.2863869999999994e-08,1011101,0000100,0,0,6.9521973796705465,6.9521973796705465,6.9521973796705465,3.4760986898352733,r,3.4760986898352733,6.9521973796705465,-3.4760986898352733,3.4760986898352733,3.4760986898352733,0.0,3.4760986898352733
94,2.2863869999999994e-08,1011110,0001000,0,0,6.9521973796705465,6.9521973796705465,6.9521973796705465,3.4760986898352733,r,3.4760986898352733,6.9521973796705465,-3.4760986898352733,3.4760986898352733,3.4760986898352733,0.0,3.4760986898352733
95,7.071299999999998e-10,1011111,0100000,1,1,6.9521973796705465,6.9521973796705465,6.9521973796705465,3.4760986898352733,r,3.4760986898352733,6.9521973796705465,-3.4760986898352733,3.4760986898352733,3.4760986898352733,0.0,3.4760986898352733
96,0.0007728606231299999,1100000,0010000,1,1,6.9521973796705465,6.9521973796705465,6.9521973796705465,3.4760986898352733,r,3.4760986898352733,6.9521973796705465,-3.4760986898352733,3.4760986898352733,3.4760986898352733,0.0,3.4760986898352733
97,2.3902905869999993e-05,1100001,0000100,0,0,6.9521973796705465,6.9521973796705465,6.9521973796705465,3.4760986898352733,r,3.4760986898352733,6.9521973796705465,-3.4760986898352733,3.4760986898352733,3.4760986898352733,0.0,3.4760986898352733
98,2.3902905869999993e-05,1100010,0001000,0,0,6.9521973796705465,6.9521973796705465,6.9521973796705465,3.4760986898352733,r,3.4760986898352733,6.9521973796705465,-3.4760986898352733,3.4760986898352733,3.4760986898352733,0.0,3.4760986898352733
99,7.392651299999999e-07,1100011,0100000,1,1,6.9521973796705465,6.9521973796705465,6.9521973796705465,3.4760986898352733,r,3.4760986898352733,6.9521973796705465,-3.4760986898352733,3.4760986898352733,3.4760986898352733,0.0,3.4760986898352733
100,2.3902905869999993e-05,1100100,0000001,0,0,6.9521973796705465,6.9521973796705465,6.9521973796705465,3.4760986898352733,r,3.4760986898352733,6.9521973796705465,-3.4760986898352733,3.4760986898352733,3.4760986898352733,0.0,3.4760986898352733
101,7.392651299999999e-07,1100101,0000000,0,0,10.42829606950582,10.42829606950582,10.42829606950582,0.0,r,10.42829606950582,10.42829606950582,-0.0,10.42829606950582,10.42829606950582,0.0,10.42829606950582
102,7.392651299999999e-07,1100110,1000000,1,1,6.9521973796705465,6.9521973796705465,6.9521973796705465,3.4760986898352733,r,3.4760986898352733,6.9521973796705465,-3.4760986898352733,3.4760986898352733,3.4760986898352733,0.0,3.4760986898352733
103,2.2863869999999994e-08,1100111,0000010,0,0,6.9521973796705465,6.9521973796705465,6.9521973796705465,3.4760986898352733,r,3.4760986898352733,6.9521973796705465,-3.4760986898352733,3.4760986898352733,3.4760986898352733,0.0,3.4760986898352733
104,2.3902905869999993e-05,1101000,0000010,0,0,6.9521973796705465,6.9521973796705465,6.9521973796705465,3.4760986898352733,r,3.4760986898352733,6.9521973796705465,-3.4760986898352733,3.4760986898352733,3.4760986898352733,0.0,3.4760986898352733
105,7.392651299999999e-07,1101001,1000000,1,1,6.9521973796705465,6.9521973796705465,6.9521973796705465,3.4760986898352733,r,3.4760986898352733,6.9521973796705465,-3.4760986898352733,3.4760986898352733,3.4760986898352733,0.0,3.4760986898352733
106,7.392651299999999e-07,1101010,0000000,0,0,10.42829606950582,10.42829606950582,10.42829606950582,0.0,r,10.42829606950582,10.42829606950582,-0.0,10.42829606950582,10.42829606950582,0.0,10.42829606950582
107,2.2863869999999994e-08,1101011,0000001,0,0,6.9521973796705465,6.9521973796705465,6.9521973796705465,3.4760986898352733,r,3.4760986898352733,6.9521973796705465,-3.4760986898352733,3.4760986898352733,3.4760986898352733,0.0,3.4760986898352733
108,7.392651299999999e-07,1101100,0100000,1,1,6.9521973796705465,6.9521973796705465,6.9521973796705465,3.4760986898352733,r,3.4760986898352733,6.9521973796705465,-3.4760986898352733,3.4760986898352733,3.4760986898352733,0.0,3.4760986898352733
109,2.2863869999999994e-08,1101101,0001000,0,0,6.9521973796705465,6.9521973796705465,6.9521973796705465,3.4760986898352733,r,3.4760986898352733,6.9521973796705465,-3.4760986898352733,3.4760986898352733,3.4760986898352733,0.0,3.4760986898352733
110,2.2863869999999994e-08,1101110,0000100,0,0,6.9521973796705465,6.9521973796705465,6.9521973796705465,3.4760986898352733,r,3.4760986898352733,6.9521973796705465,-3.4760986898352733,3.4760986898352733,3.4760986898352733,0.0,3.4760986898352733
111,7.071299999999998e-10,1101111,0010000,1,1,6.9521973796705465,6.9521973796705465,6.9521973796705465,3.4760986898352733,r,3.4760986898352733,6.9521973796705465,-3.4760986898352733,3.4760986898352733,3.4760986898352733,0.0,3.4760986898352733
112,2.3902905869999993e-05,1110000,0000000,0,1,10.42829606950582,10.42829606950582,10.42829606950582,0.0,r,10.42829606950582,10.42829606950582,-0.0,10.42829606950582,10.42829606950582,0.0,10.42829606950582
113,7.392651299999999e-07,1110001,0000001,0,1,6.9521973796705465,6.9521973796705465,6.9521973796705465,3.4760986898352733,r,3.4760986898352733,6.9521973796705465,-3.4760986898352733,3.4760986898352733,3.4760986898352733,0.0,3.4760986898352733
114,7.392651299999999e-07,1110010,0000010,0,1,6.9521973796705465,6.9521973796705465,6.9521973796705465,3.4760986898352733,r,3.4760986898352733,6.9521973796705465,-3.4760986898352733,3.4760986898352733,3.4760986898352733,0.0,3.4760986898352733
115,2.2863869999999994e-08,1110011,1000000,1,0,6.9521973796705465,6.9521973796705465,6.9521973796705465,3.4760986898352733,r,3.4760986898352733,6.9521973796705465,-3.4760986898352733,3.4760986898352733,3.4760986898352733,0.0,3.4760986898352733
116,7.392651299999999e-07,1110100,0000100,0,1,6.9521973796705465,6.9521973796705465,6.9521973796705465,3.4760986898352733,r,3.4760986898352733,6.9521973796705465,-3.4760986898352733,3.4760986898352733,3.4760986898352733,0.0,3.4760986898352733
117,2.2863869999999994e-08,1110101,0010000,1,0,6.9521973796705465,6.9521973796705465,6.9521973796705465,3.4760986898352733,r,3.4760986898352733,6.9521973796705465,-3.4760986898352733,3.4760986898352733,3.4760986898352733,0.0,3.4760986898352733
118,2.2863869999999994e-08,1110110,0100000,1,0,6.9521973796705465,6.9521973796705465,6.9521973796705465,3.4760986898352733,r,3.4760986898352733,6.9521973796705465,-3.4760986898352733,3.4760986898352733,3.4760986898352733,0.0,3.4760986898352733
119,7.071299999999998e-10,1110111,0001000,0,1,6.9521973796705465,6.9521973796705465,6.9521973796705465,3.4760986898352733,r,3.4760986898352733,6.9521973796705465,-3.4760986898352733,3.4760986898352733,3.4760986898352733,0.0,3.4760986898352733
120,7.392651299999999e-07,1111000,0001000,0,1,6.9521973796705465,6.9521973796705465,6.9521973796705465,3.4760986898352733,r,3.4760986898352733,6.9521973796705465,-3.4760986898352733,3.4760986898352733,3.4760986898352733,0.0,3.4760986898352733
121,2.2863869999999994e-08,1111001,0100000,1,0,6.9521973796705465,6.9521973796705465,6.9521973796705465,3.4760986898352733,r,3.4760986898352733,6.9521973796705465,-3.4760986898352733,3.4760986898352733,3.4760986898352733,0.0,3.4760986898352733
122,2.2863869999999994e-08,1111010,0010000,1,0,6.9521973796705465,6.9521973796705465,6.9521973796705465,3.4760986898352733,r,3.4760986898352733,6.9521973796705465,-3.4760986898352733,3.4760986898352733,3.4760986898352733,0.0,3.4760986898352733
123,7.071299999999998e-10,1111011,0000100,0,1,6.9521973796705465,6.9521973796705465,6.9521973796705465,3.4760986898352733,r,3.4760986898352733,6.9521973796705465,-3.4760986898352733,3.4760986898352733,3.4760986898352733,0.0,3.4760986898352733
124,2.2863869999999994e-08,1111100,1000000,1,0,6.9521973796705465,6.9521973796705465,6.9521973796705465,3.4760986898352733,r,3.4760986898352733,6.9521973796705465,-3.4760986898352733,3.4760986898352733,3.4760986898352733,0.0,3.4760986898352733
125,7.071299999999998e-10,1111101,0000010,0,1,6.9521973796705465,6.9521973796705465,6.9521973796705465,3.4760986898352733,r,3.4760986898352733,6.9521973796705465,-3.4760986898352733,3.4760986898352733,3.4760986898352733,0.0,3.4760986898352733
126,7.071299999999998e-10,1111110,0000001,0,1,6.9521973796705465,6.9521973796705465,6.9521973796705465,3.4760986898352733,r,3.4760986898352733,6.9521973796705465,-3.4760986898352733,3.4760986898352733,3.4760986898352733,0.0,3.4760986898352733
127,2.1869999999999995e-11,1111111,0000000,0,1,10.42829606950582,10.42829606950582,10.42829606950582,0.0,r,10.42829606950582,10.42829606950582,-0.0,10.42829606950582,10.42829606950582,0.0,10.42829606950582
