shot_id,probability,physical_error,final_correction,hard_prediction,failure,D_r,D_g,D_b,W,minimizing_color,phi,D_min,minus_W,decoder_comparative_gap
0,0.00390625,0000000010000000000,0000000010000000000,0,0,13.904394759341093,13.904394759341093,13.904394759341093,3.4760986898352733,r,10.42829606950582,13.904394759341093,-3.4760986898352733,10.428296069505818
1,0.00390625,0000000000000000000,0000000000000000000,0,0,17.380493449176367,17.380493449176367,17.380493449176367,0.0,r,17.380493449176367,17.380493449176367,-0.0,17.380493449176363
2,0.00390625,0100000100000000000,0100000100000000000,1,0,13.904394759341093,13.904394759341093,10.42829606950582,6.9521973796705465,b,3.476098689835273,10.42829606950582,-6.9521973796705465,3.476098689835273
3,0.00390625,0000000000000001000,0000000000000001000,0,0,13.904394759341093,13.904394759341093,13.904394759341093,3.4760986898352733,r,10.42829606950582,13.904394759341093,-3.4760986898352733,10.428296069505818
4,0.00390625,0000000000000000000,0000000000000000000,0,0,17.380493449176367,17.380493449176367,17.380493449176367,0.0,r,17.380493449176367,17.380493449176367,-0.0,17.380493449176363
5,0.00390625,0000000000100000000,0000000000100000000,0,0,17.380493449176367,17.380493449176367,17.380493449176367,3.4760986898352733,r,13.904394759341093,17.380493449176367,-3.4760986898352733,17.380493449176363
6,0.00390625,1000000000100000000,1000000000100000000,1,0,13.904394759341093,13.904394759341093,13.904394759341093,6.9521973796705465,r,6.9521973796705465,13.904394759341093,-6.9521973796705465,10.42829606950582
7,0.00390625,0010000000000000000,0010000000000000000,1,0,13.904394759341093,13.904394759341093,13.904394759341093,3.4760986898352733,r,10.42829606950582,13.904394759341093,-3.4760986898352733,10.428296069505818
8,0.00390625,0000000000000000000,0000000000000000000,0,0,17.380493449176367,17.380493449176367,17.380493449176367,0.0,r,17.380493449176367,17.380493449176367,-0.0,17.380493449176363
9,0.00390625,0000000000000000100,0000000000000000100,0,0,13.904394759341093,13.904394759341093,13.904394759341093,3.4760986898352733,r,10.42829606950582,13.904394759341093,-3.4760986898352733,10.428296069505818
10,0.00390625,0000000000000000000,0000000000000000000,0,0,17.380493449176367,17.380493449176367,17.380493449176367,0.0,r,17.380493449176367,17.380493449176367,-0.0,17.380493449176363
11,0.00390625,0000000000000000000,0000000000000000000,0,0,17.380493449176367,17.380493449176367,17.380493449176367,0.0,r,17.380493449176367,17.380493449176367,-0.0,17.380493449176363
12,0.00390625,0000001000000000001,0000001000000000001,0,0,10.42829606950582,13.904394759341093,13.904394759341093,6.9521973796705465,r,3.476098689835273,10.42829606950582,-6.9521973796705465,3.476098689835273
13,0.00390625,0000000000000000000,0000000000000000000,0,0,17.380493449176367,17.380493449176367,17.380493449176367,0.0,r,17.380493449176367,17.380493449176367,-0.0,17.380493449176363
14,0.00390625,0000000000000000000,0000000000000000000,0,0,17.380493449176367,17.380493449176367,17.380493449176367,0.0,r,17.380493449176367,17.380493449176367,-0.0,17.380493449176363
15,0.00390625,0000000000000100000,0000000000000100000,0,0,13.904394759341093,13.904394759341093,17.380493449176367,3.4760986898352733,r,10.42829606950582,13.904394759341093,-3.4760986898352733,10.428296069505818
16,0.00390625,0000000000000000000,0000000000000000000,0,0,17.380493449176367,17.380493449176367,17.380493449176367,0.0,r,17.380493449176367,17.380493449176367,-0.0,17.380493449176363
17,0.00390625,0010000000000100000,0010000000000100000,1,0,10.42829606950582,13.904394759341093,13.904394759341093,6.9521973796705465,r,3.476098689835273,10.42829606950582,-6.9521973796705465,3.476098689835273
18,0.00390625,0000000000000000000,0000000000000000000,0,0,17.380493449176367,17.380493449176367,17.380493449176367,0.0,r,17.380493449176367,17.380493449176367,-0.0,17.380493449176363
19,0.00390625,0000000000000000000,0000000000000000000,0,0,17.380493449176367,17.380493449176367,17.380493449176367,0.0,r,17.380493449176367,17.380493449176367,-0.0,17.380493449176363
20,0.00390625,0000000000000000010,0000000000000000010,0,0,13.904394759341093,13.904394759341093,13.904394759341093,3.4760986898352733,r,10.42829606950582,13.904394759341093,-3.4760986898352733,10.428296069505818
21,0.00390625,0010000100000000000,0010000100000000000,1,0,13.904394759341093,13.904394759341093,10.42829606950582,6.9521973796705465,b,3.476098689835273,10.42829606950582,-6.9521973796705465,3.476098689835273
22,0.00390625,0000000000000001000,0000000000000001000,0,0,13.904394759341093,13.904394759341093,13.904394759341093,3.4760986898352733,r,10.42829606950582,13.904394759341093,-3.4760986898352733,10.428296069505818
23,0.00390625,0000000000000000000,0000000000000000000,0,0,17.380493449176367,17.380493449176367,17.380493449176367,0.0,r,17.380493449176367,17.380493449176367,-0.0,17.380493449176363
24,0.00390625,0000001000000000000,0000001000000000000,0,0,13.904394759341093,17.380493449176367,13.904394759341093,3.4760986898352733,r,10.42829606950582,13.904394759341093,-3.4760986898352733,10.428296069505818
25,0.00390625,0000000000000000000,0000000000000000000,0,0,17.380493449176367,17.380493449176367,17.380493449176367,0.0,r,17.380493449176367,17.380493449176367,-0.0,17.380493449176363
26,0.00390625,0000000000000000000,0000000000000000000,0,0,17.380493449176367,17.380493449176367,17.380493449176367,0.0,r,17.380493449176367,17.380493449176367,-0.0,17.380493449176363
27,0.00390625,0000000000000010000,0000000000000010000,0,0,13.904394759341093,13.904394759341093,13.904394759341093,3.4760986898352733,r,10.42829606950582,13.904394759341093,-3.4760986898352733,10.428296069505818
28,0.00390625,0000000000000000000,0000000000000000000,0,0,17.380493449176367,17.380493449176367,17.380493449176367,0.0,r,17.380493449176367,17.380493449176367,-0.0,17.380493449176363
29,0.00390625,0000000000000000000,0000000000000000000,0,0,17.380493449176367,17.380493449176367,17.380493449176367,0.0,r,17.380493449176367,17.380493449176367,-0.0,17.380493449176363
30,0.00390625,0000000000000000000,0000000000000000000,0,0,17.380493449176367,17.380493449176367,17.380493449176367,0.0,r,17.380493449176367,17.380493449176367,-0.0,17.380493449176363
31,0.00390625,0000000000000000000,0000000000000000000,0,0,17.380493449176367,17.380493449176367,17.380493449176367,0.0,r,17.380493449176367,17.380493449176367,-0.0,17.380493449176363
32,0.00390625,0000000000000010000,0000000000000010000,0,0,13.904394759341093,13.904394759341093,13.904394759341093,3.4760986898352733,r,10.42829606950582,13.904394759341093,-3.4760986898352733,10.428296069505818
33,0.00390625,0000000000010000000,0000000000010000000,0,0,17.380493449176367,13.904394759341093,13.904394759341093,3.4760986898352733,g,10.42829606950582,13.904394759341093,-3.4760986898352733,10.428296069505818
34,0.00390625,0000000000000000000,0000000000000000000,0,0,17.380493449176367,17.380493449176367,17.380493449176367,0.0,r,17.380493449176367,17.380493449176367,-0.0,17.380493449176363
35,0.00390625,0000000000000000000,0000000000000000000,0,0,17.380493449176367,17.380493449176367,17.380493449176367,0.0,r,17.380493449176367,17.380493449176367,-0.0,17.380493449176363
36,0.00390625,0000000000000000000,0000000000000000000,0,0,17.380493449176367,17.380493449176367,17.380493449176367,0.0,r,17.380493449176367,17.380493449176367,-0.0,17.380493449176363
37,0.00390625,0100000000100000000,0100000000100000000,1,0,13.904394759341093,13.904394759341093,13.904394759341093,6.9521973796705465,r,6.9521973796705465,13.904394759341093,-6.9521973796705465,10.42829606950582
38,0.00390625,0000000000000000000,0000000000000000000,0,0,17.380493449176367,17.380493449176367,17.380493449176367,0.0,r,17.380493449176367,17.380493449176367,-0.0,17.380493449176363
39,0.00390625,0000000000000000000,0000000000000000000,0,0,17.380493449176367,17.380493449176367,17.380493449176367,0.0,r,17.380493449176367,17.380493449176367,-0.0,17.380493449176363
40,0.00390625,0000000000000000100,0000000000000000100,0,0,13.904394759341093,13.904394759341093,13.904394759341093,3.4760986898352733,r,10.42829606950582,13.904394759341093,-3.4760986898352733,10.428296069505818
41,0.00390625,0000000000000000000,0000000000000000000,0,0,17.380493449176367,17.380493449176367,17.380493449176367,0.0,r,17.380493449176367,17.380493449176367,-0.0,17.380493449176363
42,0.00390625,1000000000000000000,1000000000000000000,1,0,13.904394759341093,13.904394759341093,13.904394759341093,3.4760986898352733,r,10.42829606950582,13.904394759341093,-3.4760986898352733,10.428296069505818
43,0.00390625,0000000000000000010,0000000000000000010,0,0,13.904394759341093,13.904394759341093,13.904394759341093,3.4760986898352733,r,10.42829606950582,13.904394759341093,-3.4760986898352733,10.428296069505818
44,0.00390625,0000000000000010000,0000000000000010000,0,0,13.904394759341093,13.904394759341093,13.904394759341093,3.4760986898352733,r,10.42829606950582,13.904394759341093,-3.4760986898352733,10.428296069505818
45,0.00390625,0000000000000000000,0000000000000000000,0,0,17.380493449176367,17.380493449176367,17.380493449176367,0.0,r,17.380493449176367,17.380493449176367,-0.0,17.380493449176363
46,0.00390625,0000000000000000000,0000000000000000000,0,0,17.380493449176367,17.380493449176367,17.380493449176367,0.0,r,17.380493449176367,17.380493449176367,-0.0,17.380493449176363
47,0.00390625,0000000000000000000,0000000000000000000,0,0,17.380493449176367,17.380493449176367,17.380493449176367,0.0,r,17.380493449176367,17.380493449176367,-0.0,17.380493449176363
48,0.00390625,0000000000000000000,0000000000000000000,0,0,17.380493449176367,17.380493449176367,17.380493449176367,0.0,r,17.380493449176367,17.380493449176367,-0.0,17.380493449176363
49,0.00390625,0000000000000000000,0000000000000000000,0,0,17.380493449176367,17.380493449176367,17.380493449176367,0.0,r,17.380493449176367,17.380493449176367,-0.0,17.380493449176363
50,0.00390625,0000000000000000000,0000000000000000000,0,0,17.380493449176367,17.380493449176367,17.380493449176367,0.0,r,17.380493449176367,17.380493449176367,-0.0,17.380493449176363
51,0.00390625,0000000000000000000,0000000000000000000,0,0,17.380493449176367,17.380493449176367,17.380493449176367,0.0,r,17.380493449176367,17.380493449176367,-0.0,17.380493449176363
52,0.00390625,0000000000000000100,0000000000000000100,0,0,13.904394759341093,13.904394759341093,13.904394759341093,3.4760986898352733,r,10.42829606950582,13.904394759341093,-3.4760986898352733,10.428296069505818
53,0.00390625,0000000000000000000,0000000000000000000,0,0,17.380493449176367,17.380493449176367,17.380493449176367,0.0,r,17.380493449176367,17.380493449176367,-0.0,17.380493449176363
54,0.00390625,0000000000000000000,0000000000000000000,0,0,17.380493449176367,17.380493449176367,17.380493449176367,0.0,r,17.380493449176367,17.380493449176367,-0.0,17.380493449176363
55,0.00390625,0000000000010000100,0000000000010000100,0,0,13.904394759341093,10.42829606950582,13.904394759341093,6.9521973796705465,g,3.476098689835273,10.42829606950582,-6.9521973796705465,3.476098689835273
56,0.00390625,0000000000000000000,0000000000000000000,0,0,17.380493449176367,17.380493449176367,17.380493449176367,0.0,r,17.380493449176367,17.380493449176367,-0.0,17.380493449176363
57,0.00390625,0000000000000000000,0000000000000000000,0,0,17.380493449176367,17.380493449176367,17.380493449176367,0.0,r,17.380493449176367,17.380493449176367,-0.0,17.380493449176363
58,0.00390625,0000000000000000000,0000000000000000000,0,0,17.380493449176367,17.380493449176367,17.380493449176367,0.0,r,17.380493449176367,17.380493449176367,-0.0,17.380493449176363
59,0.00390625,0000000000000001100,0000000000000000011,0,0,10.42829606950582,13.904394759341093,10.42829606950582,6.9521973796705465,r,3.476098689835273,10.42829606950582,-6.9521973796705465,3.476098689835273
60,0.00390625,0000000000000010000,0000000000000010000,0,0,13.904394759341093,13.904394759341093,13.904394759341093,3.4760986898352733,r,10.42829606950582,13.904394759341093,-3.4760986898352733,10.428296069505818
61,0.00390625,0000000000000000000,0000000000000000000,0,0,17.380493449176367,17.380493449176367,17.380493449176367,0.0,r,17.380493449176367,17.380493449176367,-0.0,17.380493449176363
62,0.00390625,0000000000000000000,0000000000000000000,0,0,17.380493449176367,17.380493449176367,17.380493449176367,0.0,r,17.380493449176367,17.380493449176367,-0.0,17.380493449176363
63,0.00390625,0000000000010000000,0000000000010000000,0,0,17.380493449176367,13.904394759341093,13.904394759341093,3.4760986898352733,g,10.42829606950582,13.904394759341093,-3.4760986898352733,10.428296069505818
64,0.00390625,0000000000000000000,0000000000000000000,0,0,17.380493449176367,17.380493449176367,17.380493449176367,0.0,r,17.380493449176367,17.380493449176367,-0.0,17.380493449176363
65,0.00390625,0000000000000000000,0000000000000000000,0,0,17.380493449176367,17.380493449176367,17.380493449176367,0.0,r,17.380493449176367,17.380493449176367,-0.0,17.380493449176363
66,0.00390625,0000001010000000000,0000001010000000000,0,0,13.904394759341093,13.904394759341093,10.42829606950582,6.9521973796705465,b,3.476098689835273,10.42829606950582,-6.9521973796705465,3.476098689835273
67,0.00390625,0010000000000000000,0010000000000000000,1,0,13.904394759341093,13.904394759341093,13.904394759341093,3.4760986898352733,r,10.42829606950582,13.904394759341093,-3.4760986898352733,10.428296069505818
68,0.00390625,0000000000000000000,0000000000000000000,0,0,17.380493449176367,17.380493449176367,17.380493449176367,0.0,r,17.380493449176367,17.380493449176367,-0.0,17.380493449176363
69,0.00390625,0000000000000000000,0000000000000000000,0,0,17.380493449176367,17.380493449176367,17.380493449176367,0.0,r,17.380493449176367,17.380493449176367,-0.0,17.380493449176363
70,0.00390625,0000000000000011000,0000000000000011000,0,0,13.904394759341093,10.42829606950582,13.904394759341093,6.9521973796705465,g,3.476098689835273,10.42829606950582,-6.9521973796705465,3.476098689835273
71,0.00390625,0000000000000000000,0000000000000000000,0,0,17.380493449176367,17.380493449176367,17.380493449176367,0.0,r,17.380493449176367,17.380493449176367,-0.0,17.380493449176363
72,0.00390625,0000000000000000100,0000000000000000100,0,0,13.904394759341093,13.904394759341093,13.904394759341093,3.4760986898352733,r,10.42829606950582,13.904394759341093,-3.4760986898352733,10.428296069505818
73,0.00390625,0000000000000000000,0000000000000000000,0,0,17.380493449176367,17.380493449176367,17.380493449176367,0.0,r,17.380493449176367,17.380493449176367,-0.0,17.380493449176363
74,0.00390625,0000000000000100000,0000000000000100000,0,0,13.904394759341093,13.904394759341093,17.380493449176367,3.4760986898352733,r,10.42829606950582,13.904394759341093,-3.4760986898352733,10.428296069505818
75,0.00390625,0000000000000000000,0000000000000000000,0,0,17.380493449176367,17.380493449176367,17.380493449176367,0.0,r,17.380493449176367,17.380493449176367,-0.0,17.380493449176363
76,0.00390625,0000000000000000000,0000000000000000000,0,0,17.380493449176367,17.380493449176367,17.380493449176367,0.0,r,17.380493449176367,17.380493449176367,-0.0,17.380493449176363
77,0.00390625,0000000000100000000,0000000000100000000,0,0,17.380493449176367,17.380493449176367,17.380493449176367,3.4760986898352733,r,13.904394759341093,17.380493449176367,-3.4760986898352733,17.380493449176363
78,0.00390625,0000000100000010000,0000000100000010000,0,0,10.42829606950582,13.904394759341093,13.904394759341093,6.9521973796705465,r,3.476098689835273,10.42829606950582,-6.9521973796705465,3.476098689835273
79,0.00390625,0000000000000000000,0000000000000000000,0,0,17.380493449176367,17.380493449176367,17.380493449176367,0.0,r,17.380493449176367,17.380493449176367,-0.0,17.380493449176363
80,0.00390625,0000000000000000000,0000000000000000000,0,0,17.380493449176367,17.380493449176367,17.380493449176367,0.0,r,17.380493449176367,17.380493449176367,-0.0,17.380493449176363
81,0.00390625,0000000000000000000,0000000000000000000,0,0,17.380493449176367,17.380493449176367,17.380493449176367,0.0,r,17.380493449176367,17.380493449176367,-0.0,17.380493449176363
82,0.00390625,0000000000000000000,0000000000000000000,0,0,17.380493449176367,17.380493449176367,17.380493449176367,0.0,r,17.380493449176367,17.380493449176367,-0.0,17.380493449176363
83,0.00390625,0000000000000000000,0000000000000000000,0,0,17.380493449176367,17.380493449176367,17.380493449176367,0.0,r,17.380493449176367,17.380493449176367,-0.0,17.380493449176363
84,0.00390625,1000000000000010100,1000000000000010100,1,0,10.42829606950582,10.42829606950582,10.42829606950582,10.42829606950582,r,0.0,10.42829606950582,-10.42829606950582,3.476098689835272
85,0.00390625,0000000000000000000,0000000000000000000,0,0,17.380493449176367,17.380493449176367,17.380493449176367,0.0,r,17.380493449176367,17.380493449176367,-0.0,17.380493449176363
86,0.00390625,0010000000000000000,0010000000000000000,1,0,13.904394759341093,13.904394759341093,13.904394759341093,3.4760986898352733,r,10.42829606950582,13.904394759341093,-3.4760986898352733,10.428296069505818
87,0.00390625,0000100100000000100,0000000000010000001,0,1,13.904394759341093,10.42829606950582,13.904394759341093,6.9521973796705465,g,3.476098689835273,10.42829606950582,-6.9521973796705465,3.476098689835273
88,0.00390625,0000000000000000000,0000000000000000000,0,0,17.380493449176367,17.380493449176367,17.380493449176367,0.0,r,17.380493449176367,17.380493449176367,-0.0,17.380493449176363
89,0.00390625,0000000000000000000,0000000000000000000,0,0,17.380493449176367,17.380493449176367,17.380493449176367,0.0,r,17.380493449176367,17.380493449176367,-0.0,17.380493449176363
90,0.00390625,0000000000000010000,0000000000000010000,0,0,13.904394759341093,13.904394759341093,13.904394759341093,3.4760986898352733,r,10.42829606950582,13.904394759341093,-3.4760986898352733,10.428296069505818
91,0.00390625,0001000000000100000,0001000000000100000,1,0,13.904394759341093,13.904394759341093,13.904394759341093,6.9521973796705465,r,6.9521973796705465,13.904394759341093,-6.9521973796705465,3.476098689835273
92,0.00390625,0000000000000000010,0000000000000000010,0,0,13.904394759341093,13.904394759341093,13.904394759341093,3.4760986898352733,r,10.42829606950582,13.904394759341093,-3.4760986898352733,10.428296069505818
93,0.00390625,0000000000000000000,0000000000000000000,0,0,17.380493449176367,17.380493449176367,17.380493449176367,0.0,r,17.380493449176367,17.380493449176367,-0.0,17.380493449176363
94,0.00390625,0000000000000000000,0000000000000000000,0,0,17.380493449176367,17.380493449176367,17.380493449176367,0.0,r,17.380493449176367,17.380493449176367,-0.0,17.380493449176363
95,0.00390625,0010000000000000000,0010000000000000000,1,0,13.904394759341093,13.904394759341093,13.904394759341093,3.4760986898352733,r,10.42829606950582,13.904394759341093,-3.4760986898352733,10.428296069505818
96,0.00390625,0000000000000000010,0000000000000000010,0,0,13.904394759341093,13.904394759341093,13.904394759341093,3.4760986898352733,r,10.42829606950582,13.904394759341093,-3.4760986898352733,10.428296069505818
97,0.00390625,0000000000000100000,0000000000000100000,0,0,13.904394759341093,13.904394759341093,17.380493449176367,3.4760986898352733,r,10.42829606950582,13.904394759341093,-3.4760986898352733,10.428296069505818
98,0.00390625,0000000000010000000,0000000000010000000,0,0,17.380493449176367,13.904394759341093,13.904394759341093,3.4760986898352733,g,10.42829606950582,13.904394759341093,-3.4760986898352733,10.428296069505818
99,0.00390625,0000000000000000000,0000000000000000000,0,0,17.380493449176367,17.380493449176367,17.380493449176367,0.0,r,17.380493449176367,17.380493449176367,-0.0,17.380493449176363
100,0.00390625,0000000000000000000,0000000000000000000,0,0,17.380493449176367,17.380493449176367,17.380493449176367,0.0,r,17.380493449176367,17.380493449176367,-0.0,17.380493449176363
101,0.00390625,0000000000010000000,0000000000010000000,0,0,17.380493449176367,13.904394759341093,13.904394759341093,3.4760986898352733,g,10.42829606950582,13.904394759341093,-3.4760986898352733,10.428296069505818
102,0.00390625,0000000000000000000,0000000000000000000,0,0,17.380493449176367,17.380493449176367,17.380493449176367,0.0,r,17.380493449176367,17.380493449176367,-0.0,17.380493449176363
103,0.00390625,0000000000000000000,0000000000000000000,0,0,17.380493449176367,17.380493449176367,17.380493449176367,0.0,r,17.380493449176367,17.380493449176367,-0.0,17.380493449176363
104,0.00390625,0000000100000000000,0000000100000000000,0,0,13.904394759341093,13.904394759341093,13.904394759341093,3.4760986898352733,r,10.42829606950582,13.904394759341093,-3.4760986898352733,10.428296069505818
105,0.00390625,0000000000000000000,0000000000000000000,0,0,17.380493449176367,17.380493449176367,17.380493449176367,0.0,r,17.380493449176367,17.380493449176367,-0.0,17.380493449176363
106,0.00390625,0000000000000000000,0000000000000000000,0,0,17.380493449176367,17.380493449176367,17.380493449176367,0.0,r,17.380493449176367,17.380493449176367,-0.0,17.380493449176363
107,0.00390625,0000000000000000000,0000000000000000000,0,0,17.380493449176367,17.380493449176367,17.380493449176367,0.0,r,17.380493449176367,17.380493449176367,-0.0,17.380493449176363
108,0.00390625,0000000000000000000,0000000000000000000,0,0,17.380493449176367,17.380493449176367,17.380493449176367,0.0,r,17.380493449176367,17.380493449176367,-0.0,17.380493449176363
109,0.00390625,0000000000000000000,0000000000000000000,0,0,17.380493449176367,17.380493449176367,17.380493449176367,0.0,r,17.380493449176367,17.380493449176367,-0.0,17.380493449176363
110,0.00390625,0000000000100000000,0000000000100000000,0,0,17.380493449176367,17.380493449176367,17.380493449176367,3.4760986898352733,r,13.904394759341093,17.380493449176367,-3.4760986898352733,17.380493449176363
111,0.00390625,0000000000000000000,0000000000000000000,0,0,17.380493449176367,17.380493449176367,17.380493449176367,0.0,r,17.380493449176367,17.380493449176367,-0.0,17.380493449176363
112,0.00390625,0000000000000000000,0000000000000000000,0,0,17.380493449176367,17.380493449176367,17.380493449176367,0.0,r,17.380493449176367,17.380493449176367,-0.0,17.380493449176363
113,0.00390625,0000001100000000000,0000001100000000000,0,0,13.904394759341093,13.904394759341093,10.42829606950582,6.9521973796705465,b,3.476098689835273,10.42829606950582,-6.9521973796705465,3.476098689835273
114,0.00390625,0000000000000000000,0000000000000000000,0,0,17.380493449176367,17.380493449176367,17.380493449176367,0.0,r,17.380493449176367,17.380493449176367,-0.0,17.380493449176363
115,0.00390625,0000000000000100000,0000000000000100000,0,0,13.904394759341093,13.904394759341093,17.380493449176367,3.4760986898352733,r,10.42829606950582,13.904394759341093,-3.4760986898352733,10.428296069505818
116,0.00390625,0000000000000000110,0000000000000001001,0,0,10.42829606950582,13.904394759341093,13.904394759341093,6.9521973796705465,r,3.476098689835273,10.42829606950582,-6.9521973796705465,3.476098689835273
117,0.00390625,0010000000000000000,0010000000000000000,1,0,13.904394759341093,13.904394759341093,13.904394759341093,3.4760986898352733,r,10.42829606950582,13.904394759341093,-3.4760986898352733,10.428296069505818
118,0.00390625,0000000000000000000,0000000000000000000,0,0,17.380493449176367,17.380493449176367,17.380493449176367,0.0,r,17.380493449176367,17.380493449176367,-0.0,17.380493449176363
119,0.00390625,0000000000000000100,0000000000000000100,0,0,13.904394759341093,13.904394759341093,13.904394759341093,3.4760986898352733,r,10.42829606950582,13.904394759341093,-3.4760986898352733,10.428296069505818
120,0.00390625,0000000000000000000,0000000000000000000,0,0,17.380493449176367,17.380493449176367,17.380493449176367,0.0,r,17.380493449176367,17.380493449176367,-0.0,17.380493449176363
121,0.00390625,0000000000000000000,0000000000000000000,0,0,17.380493449176367,17.380493449176367,17.380493449176367,0.0,r,17.380493449176367,17.380493449176367,-0.0,17.380493449176363
122,0.00390625,0000000010000000000,0000000010000000000,0,0,13.904394759341093,13.904394759341093,13.904394759341093,3.4760986898352733,r,10.42829606950582,13.904394759341093,-3.4760986898352733,10.428296069505818
123,0.00390625,0000000000000000000,0000000000000000000,0,0,17.380493449176367,17.380493449176367,17.380493449176367,0.0,r,17.380493449176367,17.380493449176367,-0.0,17.380493449176363
124,0.00390625,0000000000000000000,0000000000000000000,0,0,17.380493449176367,17.380493449176367,17.380493449176367,0.0,r,17.380493449176367,17.380493449176367,-0.0,17.380493449176363
125,0.00390625,0000000000000000000,0000000000000000000,0,0,17.380493449176367,17.380493449176367,17.380493449176367,0.0,r,17.380493449176367,17.380493449176367,-0.0,17.380493449176363
126,0.00390625,0000000000000000000,0000000000000000000,0,0,17.380493449176367,17.380493449176367,17.380493449176367,0.0,r,17.380493449176367,17.380493449176367,-0.0,17.380493449176363
127,0.00390625,0000000000000000000,0000000000000000000,0,0,17.380493449176367,17.380493449176367,17.380493449176367,0.0,r,17.380493449176367,17.380493449176367,-0.0,17.380493449176363
128,0.00390625,0000000000000000010,0000000000000000010,0,0,13.904394759341093,13.904394759341093,13.904394759341093,3.4760986898352733,r,10.42829606950582,13.904394759341093,-3.4760986898352733,10.428296069505818
129,0.00390625,0000000000000000000,0000000000000000000,0,0,17.380493449176367,17.380493449176367,17.380493449176367,0.0,r,17.380493449176367,17.380493449176367,-0.0,17.380493449176363
130,0.00390625,0000000000000000000,0000000000000000000,0,0,17.380493449176367,17.380493449176367,17.380493449176367,0.0,r,17.380493449176367,17.380493449176367,-0.0,17.380493449176363
131,0.00390625,0000000000000000010,0000000000000000010,0,0,13.904394759341093,13.904394759341093,13.904394759341093,3.4760986898352733,r,10.42829606950582,13.904394759341093,-3.4760986898352733,10.428296069505818
132,0.00390625,0000000000000010000,0000000000000010000,0,0,13.904394759341093,13.904394759341093,13.904394759341093,3.4760986898352733,r,10.42829606950582,13.904394759341093,-3.4760986898352733,10.428296069505818
133,0.00390625,0000000001000000000,0000000001000000000,0,0,13.904394759341093,13.904394759341093,13.904394759341093,3.4760986898352733,r,10.42829606950582,13.904394759341093,-3.4760986898352733,10.428296069505818
134,0.00390625,0000000000000000000,0000000000000000000,0,0,17.380493449176367,17.380493449176367,17.380493449176367,0.0,r,17.380493449176367,17.380493449176367,-0.0,17.380493449176363
135,0.00390625,0000000000000000000,0000000000000000000,0,0,17.380493449176367,17.380493449176367,17.380493449176367,0.0,r,17.380493449176367,17.380493449176367,-0.0,17.380493449176363
136,0.00390625,0000000000000000000,0000000000000000000,0,0,17.380493449176367,17.380493449176367,17.380493449176367,0.0,r,17.380493449176367,17.380493449176367,-0.0,17.380493449176363
137,0.00390625,0000000000000000000,0000000000000000000,0,0,17.380493449176367,17.380493449176367,17.380493449176367,0.0,r,17.380493449176367,17.380493449176367,-0.0,17.380493449176363
138,0.00390625,0000000000000000000,0000000000000000000,0,0,17.380493449176367,17.380493449176367,17.380493449176367,0.0,r,17.380493449176367,17.380493449176367,-0.0,17.380493449176363
139,0.00390625,0000000000000000000,0000000000000000000,0,0,17.380493449176367,17.380493449176367,17.380493449176367,0.0,r,17.380493449176367,17.380493449176367,-0.0,17.380493449176363
140,0.00390625,0000000000000000000,0000000000000000000,0,0,17.380493449176367,17.380493449176367,17.380493449176367,0.0,r,17.380493449176367,17.380493449176367,-0.0,17.380493449176363
141,0.00390625,0000000000001000000,0000000000001000000,0,0,13.904394759341093,13.904394759341093,13.904394759341093,3.4760986898352733,r,10.42829606950582,13.904394759341093,-3.4760986898352733,10.428296069505818
142,0.00390625,0000000000000000000,0000000000000000000,0,0,17.380493449176367,17.380493449176367,17.380493449176367,0.0,r,17.380493449176367,17.380493449176367,-0.0,17.380493449176363
143,0.00390625,0000000000000000000,0000000000000000000,0,0,17.380493449176367,17.380493449176367,17.380493449176367,0.0,r,17.380493449176367,17.380493449176367,-0.0,17.380493449176363
144,0.00390625,0001000000000000000,0001000000000000000,1,0,13.904394759341093,13.904394759341093,13.904394759341093,3.4760986898352733,r,10.42829606950582,13.904394759341093,-3.4760986898352733,10.428296069505818
145,0.00390625,0000000000000100000,0000000000000100000,0,0,13.904394759341093,13.904394759341093,17.380493449176367,3.4760986898352733,r,10.42829606950582,13.904394759341093,-3.4760986898352733,10.428296069505818
146,0.00390625,0000000000000000100,0000000000000000100,0,0,13.904394759341093,13.904394759341093,13.904394759341093,3.4760986898352733,r,10.42829606950582,13.904394759341093,-3.4760986898352733,10.428296069505818
147,0.00390625,0100100000000000000,0100100000000000000,0,0,13.904394759341093,10.42829606950582,10.42829606950582,6.9521973796705465,g,3.476098689835273,10.42829606950582,-6.9521973796705465,3.476098689835273
148,0.00390625,0001000000000010000,0001000000000010000,1,0,10.42829606950582,13.904394759341093,13.904394759341093,6.9521973796705465,r,3.476098689835273,10.42829606950582,-6.9521973796705465,3.476098689835273
149,0.00390625,0000000000000000000,0000000000000000000,0,0,17.380493449176367,17.380493449176367,17.380493449176367,0.0,r,17.380493449176367,17.380493449176367,-0.0,17.380493449176363
150,0.00390625,0000000000000000000,0000000000000000000,0,0,17.380493449176367,17.380493449176367,17.380493449176367,0.0,r,17.380493449176367,17.380493449176367,-0.0,17.380493449176363
151,0.00390625,0000000000001000000,0000000000001000000,0,0,13.904394759341093,13.904394759341093,13.904394759341093,3.4760986898352733,r,10.42829606950582,13.904394759341093,-3.4760986898352733,10.428296069505818
152,0.00390625,0000000000000000000,0000000000000000000,0,0,17.380493449176367,17.380493449176367,17.380493449176367,0.0,r,17.380493449176367,17.380493449176367,-0.0,17.380493449176363
153,0.00390625,0000000000000000000,0000000000000000000,0,0,17.380493449176367,17.380493449176367,17.380493449176367,0.0,r,17.380493449176367,17.380493449176367,-0.0,17.380493449176363
154,0.00390625,0000000000000000000,0000000000000000000,0,0,17.380493449176367,17.380493449176367,17.380493449176367,0.0,r,17.380493449176367,17.380493449176367,-0.0,17.380493449176363
155,0.00390625,0000000000000000000,0000000000000000000,0,0,17.380493449176367,17.380493449176367,17.380493449176367,0.0,r,17.380493449176367,17.380493449176367,-0.0,17.380493449176363
156,0.00390625,0000000100000000000,0000000100000000000,0,0,13.904394759341093,13.904394759341093,13.904394759341093,3.4760986898352733,r,10.42829606950582,13.904394759341093,-3.4760986898352733,10.428296069505818
157,0.00390625,0000000000000000000,0000000000000000000,0,0,17.380493449176367,17.380493449176367,17.380493449176367,0.0,r,17.380493449176367,17.380493449176367,-0.0,17.380493449176363
158,0.00390625,0000000000000000000,0000000000000000000,0,0,17.380493449176367,17.380493449176367,17.380493449176367,0.0,r,17.380493449176367,17.380493449176367,-0.0,17.380493449176363
159,0.00390625,1000000000100000000,1000000000100000000,1,0,13.904394759341093,13.904394759341093,13.904394759341093,6.9521973796705465,r,6.9521973796705465,13.904394759341093,-6.9521973796705465,10.42829606950582
160,0.00390625,0000100000000000000,0000100000000000000,1,0,13.904394759341093,13.904394759341093,13.904394759341093,3.4760986898352733,r,10.42829606950582,13.904394759341093,-3.4760986898352733,10.428296069505818
161,0.00390625,0000000000000000100,0000000000000000100,0,0,13.904394759341093,13.904394759341093,13.904394759341093,3.4760986898352733,r,10.42829606950582,13.904394759341093,-3.4760986898352733,10.428296069505818
162,0.00390625,0000000000000000000,0000000000000000000,0,0,17.380493449176367,17.380493449176367,17.380493449176367,0.0,r,17.380493449176367,17.380493449176367,-0.0,17.380493449176363
163,0.00390625,0000000000000000000,0000000000000000000,0,0,17.380493449176367,17.380493449176367,17.380493449176367,0.0,r,17.380493449176367,17.380493449176367,-0.0,17.380493449176363
164,0.00390625,0000000000100000000,0000000000100000000,0,0,17.380493449176367,17.380493449176367,17.380493449176367,3.4760986898352733,r,13.904394759341093,17.380493449176367,-3.4760986898352733,17.380493449176363
165,0.00390625,0100000000000000000,0100000000000000000,1,0,13.904394759341093,13.904394759341093,13.904394759341093,3.4760986898352733,r,10.42829606950582,13.904394759341093,-3.4760986898352733,10.428296069505818
166,0.00390625,0000000000100000000,0000000000100000000,0,0,17.380493449176367,17.380493449176367,17.380493449176367,3.4760986898352733,r,13.904394759341093,17.380493449176367,-3.4760986898352733,17.380493449176363
167,0.00390625,0000000000010000100,0000000000010000100,0,0,13.904394759341093,10.42829606950582,13.904394759341093,6.9521973796705465,g,3.476098689835273,10.42829606950582,-6.9521973796705465,3.476098689835273
168,0.00390625,0000010000000000000,0000010000000000000,0,0,13.904394759341093,13.904394759341093,13.904394759341093,3.4760986898352733,r,10.42829606950582,13.904394759341093,-3.4760986898352733,10.428296069505818
169,0.00390625,0000000000000000000,0000000000000000000,0,0,17.380493449176367,17.380493449176367,17.380493449176367,0.0,r,17.380493449176367,17.380493449176367,-0.0,17.380493449176363
170,0.00390625,0000000000000000000,0000000000000000000,0,0,17.380493449176367,17.380493449176367,17.380493449176367,0.0,r,17.380493449176367,17.380493449176367,-0.0,17.380493449176363
171,0.00390625,0000000000001000001,0000000000001000001,0,0,10.42829606950582,13.904394759341093,10.42829606950582,6.9521973796705465,r,3.476098689835273,10.42829606950582,-6.9521973796705465,3.476098689835273
172,0.00390625,0000000000000000000,0000000000000000000,0,0,17.380493449176367,17.380493449176367,17.380493449176367,0.0,r,17.380493449176367,17.380493449176367,-0.0,17.380493449176363
173,0.00390625,0000000000000000000,0000000000000000000,0,0,17.380493449176367,17.380493449176367,17.380493449176367,0.0,r,17.380493449176367,17.380493449176367,-0.0,17.380493449176363
174,0.00390625,0000000000000000000,0000000000000000000,0,0,17.380493449176367,17.380493449176367,17.380493449176367,0.0,r,17.380493449176367,17.380493449176367,-0.0,17.380493449176363
175,0.00390625,0000000000000000000,0000000000000000000,0,0,17.380493449176367,17.380493449176367,17.380493449176367,0.0,r,17.380493449176367,17.380493449176367,-0.0,17.380493449176363
176,0.00390625,0000010000000000000,0000010000000000000,0,0,13.904394759341093,13.904394759341093,13.904394759341093,3.4760986898352733,r,10.42829606950582,13.904394759341093,-3.4760986898352733,10.428296069505818
177,0.00390625,0000000000000000000,0000000000000000000,0,0,17.380493449176367,17.380493449176367,17.380493449176367,0.0,r,17.380493449176367,17.380493449176367,-0.0,17.380493449176363
178,0.00390625,1000000000000000000,1000000000000000000,1,0,13.904394759341093,13.904394759341093,13.904394759341093,3.4760986898352733,r,10.42829606950582,13.904394759341093,-3.4760986898352733,10.428296069505818
179,0.00390625,0000000000000000000,0000000000000000000,0,0,17.380493449176367,17.380493449176367,17.380493449176367,0.0,r,17.380493449176367,17.380493449176367,-0.0,17.380493449176363
180,0.00390625,0000000000000000000,0000000000000000000,0,0,17.380493449176367,17.380493449176367,17.380493449176367,0.0,r,17.380493449176367,17.380493449176367,-0.0,17.380493449176363
181,0.00390625,0000000000000000000,0000000000000000000,0,0,17.380493449176367,17.380493449176367,17.380493449176367,0.0,r,17.380493449176367,17.380493449176367,-0.0,17.380493449176363
182,0.00390625,0000000000000000000,0000000000000000000,0,0,17.380493449176367,17.380493449176367,17.380493449176367,0.0,r,17.380493449176367,17.380493449176367,-0.0,17.380493449176363
183,0.00390625,0010000000000000000,0010000000000000000,1,0,13.904394759341093,13.904394759341093,13.904394759341093,3.4760986898352733,r,10.42829606950582,13.904394759341093,-3.4760986898352733,10.428296069505818
184,0.00390625,0010000010000000000,0010000010000000000,1,0,13.904394759341093,13.904394759341093,10.42829606950582,6.9521973796705465,b,3.476098689835273,10.42829606950582,-6.9521973796705465,3.476098689835273
185,0.00390625,0000010000000000000,0000010000000000000,0,0,13.904394759341093,13.904394759341093,13.904394759341093,3.4760986898352733,r,10.42829606950582,13.904394759341093,-3.4760986898352733,10.428296069505818
186,0.00390625,0000000000000000000,0000000000000000000,0,0,17.380493449176367,17.380493449176367,17.380493449176367,0.0,r,17.380493449176367,17.380493449176367,-0.0,17.380493449176363
187,0.00390625,0000000000000000001,0000000000000000001,0,0,13.904394759341093,13.904394759341093,13.904394759341093,3.4760986898352733,r,10.42829606950582,13.904394759341093,-3.4760986898352733,10.428296069505818
188,0.00390625,0000000000000000000,0000000000000000000,0,0,17.380493449176367,17.380493449176367,17.380493449176367,0.0,r,17.380493449176367,17.380493449176367,-0.0,17.380493449176363
189,0.00390625,0000000000000100000,0000000000000100000,0,0,13.904394759341093,13.904394759341093,17.380493449176367,3.4760986898352733,r,10.42829606950582,13.904394759341093,-3.4760986898352733,10.428296069505818
190,0.00390625,0000000000000000000,0000000000000000000,0,0,17.380493449176367,17.380493449176367,17.380493449176367,0.0,r,17.380493449176367,17.380493449176367,-0.0,17.380493449176363
191,0.00390625,0000000000000000000,0000000000000000000,0,0,17.380493449176367,17.380493449176367,17.380493449176367,0.0,r,17.380493449176367,17.380493449176367,-0.0,17.380493449176363
192,0.00390625,0000000000000000000,0000000000000000000,0,0,17.380493449176367,17.380493449176367,17.380493449176367,0.0,r,17.380493449176367,17.380493449176367,-0.0,17.380493449176363
193,0.00390625,0000000000000000000,0000000000000000000,0,0,17.380493449176367,17.380493449176367,17.380493449176367,0.0,r,17.380493449176367,17.380493449176367,-0.0,17.380493449176363
194,0.00390625,0000000000010000000,0000000000010000000,0,0,17.380493449176367,13.904394759341093,13.904394759341093,3.4760986898352733,g,10.42829606950582,13.904394759341093,-3.4760986898352733,10.428296069505818
195,0.00390625,0000000000000000000,0000000000000000000,0,0,17.380493449176367,17.380493449176367,17.380493449176367,0.0,r,17.380493449176367,17.380493449176367,-0.0,17.380493449176363
196,0.00390625,0000000000000000000,0000000000000000000,0,0,17.380493449176367,17.380493449176367,17.380493449176367,0.0,r,17.380493449176367,17.380493449176367,-0.0,17.380493449176363
197,0.00390625,0000000001000000000,0000000001000000000,0,0,13.904394759341093,13.904394759341093,13.904394759341093,3.4760986898352733,r,10.42829606950582,13.904394759341093,-3.4760986898352733,10.428296069505818
198,0.00390625,0000000000000000000,0000000000000000000,0,0,17.380493449176367,17.380493449176367,17.380493449176367,0.0,r,17.380493449176367,17.380493449176367,-0.0,17.380493449176363
199,0.00390625,0000000000001000000,0000000000001000000,0,0,13.904394759341093,13.904394759341093,13.904394759341093,3.4760986898352733,r,10.42829606950582,13.904394759341093,-3.4760986898352733,10.428296069505818
200,0.00390625,0000000000000000000,0000000000000000000,0,0,17.380493449176367,17.380493449176367,17.380493449176367,0.0,r,17.380493449176367,17.380493449176367,-0.0,17.380493449176363
201,0.00390625,0000000000000000000,0000000000000000000,0,0,17.380493449176367,17.380493449176367,17.380493449176367,0.0,r,17.380493449176367,17.380493449176367,-0.0,17.380493449176363
202,0.00390625,0000000000000000000,0000000000000000000,0,0,17.380493449176367,17.380493449176367,17.380493449176367,0.0,r,17.380493449176367,17.380493449176367,-0.0,17.380493449176363
203,0.00390625,0010000000000000000,0010000000000000000,1,0,13.904394759341093,13.904394759341093,13.904394759341093,3.4760986898352733,r,10.42829606950582,13.904394759341093,-3.4760986898352733,10.428296069505818
204,0.00390625,0000000000000000000,0000000000000000000,0,0,17.380493449176367,17.380493449176367,17.380493449176367,0.0,r,17.380493449176367,17.380493449176367,-0.0,17.380493449176363
205,0.00390625,0000000000000000000,0000000000000000000,0,0,17.380493449176367,17.380493449176367,17.380493449176367,0.0,r,17.380493449176367,17.380493449176367,-0.0,17.380493449176363
206,0.00390625,0000000000000000001,0000000000000000001,0,0,13.904394759341093,13.904394759341093,13.904394759341093,3.4760986898352733,r,10.42829606950582,13.904394759341093,-3.4760986898352733,10.428296069505818
207,0.00390625,0000001000000000000,0000001000000000000,0,0,13.904394759341093,17.380493449176367,13.904394759341093,3.4760986898352733,r,10.42829606950582,13.904394759341093,-3.4760986898352733,10.428296069505818
208,0.00390625,1000000000000000000,1000000000000000000,1,0,13.904394759341093,13.904394759341093,13.904394759341093,3.4760986898352733,r,10.42829606950582,13.904394759341093,-3.4760986898352733,10.428296069505818
209,0.00390625,0000000000000000000,0000000000000000000,0,0,17.380493449176367,17.380493449176367,17.380493449176367,0.0,r,17.380493449176367,17.380493449176367,-0.0,17.380493449176363
210,0.00390625,0000000000000000000,0000000000000000000,0,0,17.380493449176367,17.380493449176367,17.380493449176367,0.0,r,17.380493449176367,17.380493449176367,-0.0,17.380493449176363
211,0.00390625,0000000000000001000,0000000000000001000,0,0,13.904394759341093,13.904394759341093,13.904394759341093,3.4760986898352733,r,10.42829606950582,13.904394759341093,-3.4760986898352733,10.428296069505818
212,0.00390625,0000000010000100000,0000000010000100000,0,0,13.904394759341093,10.42829606950582,13.904394759341093,6.9521973796705465,g,3.476098689835273,10.42829606950582,-6.9521973796705465,3.476098689835273
213,0.00390625,0000000000000000000,0000000000000000000,0,0,17.380493449176367,17.380493449176367,17.380493449176367,0.0,r,17.380493449176367,17.380493449176367,-0.0,17.380493449176363
214,0.00390625,0000000000000000000,0000000000000000000,0,0,17.380493449176367,17.380493449176367,17.380493449176367,0.0,r,17.380493449176367,17.380493449176367,-0.0,17.380493449176363
215,0.00390625,0000000000000000000,0000000000000000000,0,0,17.380493449176367,17.380493449176367,17.380493449176367,0.0,r,17.380493449176367,17.380493449176367,-0.0,17.380493449176363
216,0.00390625,0000000000000000000,0000000000000000000,0,0,17.380493449176367,17.380493449176367,17.380493449176367,0.0,r,17.380493449176367,17.380493449176367,-0.0,17.380493449176363
217,0.00390625,0000000000000000000,0000000000000000000,0,0,17.380493449176367,17.380493449176367,17.380493449176367,0.0,r,17.380493449176367,17.380493449176367,-0.0,17.380493449176363
218,0.00390625,0000000000000000000,0000000000000000000,0,0,17.380493449176367,17.380493449176367,17.380493449176367,0.0,r,17.380493449176367,17.380493449176367,-0.0,17.380493449176363
219,0.00390625,0000000000000000000,0000000000000000000,0,0,17.380493449176367,17.380493449176367,17.380493449176367,0.0,r,17.380493449176367,17.380493449176367,-0.0,17.380493449176363
220,0.00390625,0100000000000000000,0100000000000000000,1,0,13.904394759341093,13.904394759341093,13.904394759341093,3.4760986898352733,r,10.42829606950582,13.904394759341093,-3.4760986898352733,10.428296069505818
221,0.00390625,0000000000000000000,0000000000000000000,0,0,17.380493449176367,17.380493449176367,17.380493449176367,0.0,r,17.380493449176367,17.380493449176367,-0.0,17.380493449176363
222,0.00390625,0000000000000001000,0000000000000001000,0,0,13.904394759341093,13.904394759341093,13.904394759341093,3.4760986898352733,r,10.42829606950582,13.904394759341093,-3.4760986898352733,10.428296069505818
223,0.00390625,0000000000000000000,0000000000000000000,0,0,17.380493449176367,17.380493449176367,17.380493449176367,0.0,r,17.380493449176367,17.380493449176367,-0.0,17.380493449176363
224,0.00390625,0000000000000000000,0000000000000000000,0,0,17.380493449176367,17.380493449176367,17.380493449176367,0.0,r,17.380493449176367,17.380493449176367,-0.0,17.380493449176363
225,0.00390625,0000000000000000000,0000000000000000000,0,0,17.380493449176367,17.380493449176367,17.380493449176367,0.0,r,17.380493449176367,17.380493449176367,-0.0,17.380493449176363
226,0.00390625,0000000000000000000,0000000000000000000,0,0,17.380493449176367,17.380493449176367,17.380493449176367,0.0,r,17.380493449176367,17.380493449176367,-0.0,17.380493449176363
227,0.00390625,0000000000000000000,0000000000000000000,0,0,17.380493449176367,17.380493449176367,17.380493449176367,0.0,r,17.380493449176367,17.380493449176367,-0.0,17.380493449176363
228,0.00390625,0000000000000000000,0000000000000000000,0,0,17.380493449176367,17.380493449176367,17.380493449176367,0.0,r,17.380493449176367,17.380493449176367,-0.0,17.380493449176363
229,0.00390625,0000000000000000000,0000000000000000000,0,0,17.380493449176367,17.380493449176367,17.380493449176367,0.0,r,17.380493449176367,17.380493449176367,-0.0,17.380493449176363
230,0.00390625,0000000000000000000,0000000000000000000,0,0,17.380493449176367,17.380493449176367,17.380493449176367,0.0,r,17.380493449176367,17.380493449176367,-0.0,17.380493449176363
231,0.00390625,0000000000000000000,0000000000000000000,0,0,17.380493449176367,17.380493449176367,17.380493449176367,0.0,r,17.380493449176367,17.380493449176367,-0.0,17.380493449176363
232,0.00390625,0000000000000010000,0000000000000010000,0,0,13.904394759341093,13.904394759341093,13.904394759341093,3.4760986898352733,r,10.42829606950582,13.904394759341093,-3.4760986898352733,10.428296069505818
233,0.00390625,0000000000000000000,0000000000000000000,0,0,17.380493449176367,17.380493449176367,17.380493449176367,0.0,r,17.380493449176367,17.380493449176367,-0.0,17.380493449176363
234,0.00390625,0000000000000000000,0000000000000000000,0,0,17.380493449176367,17.380493449176367,17.380493449176367,0.0,r,17.380493449176367,17.380493449176367,-0.0,17.380493449176363
235,0.00390625,0000000000000000001,0000000000000000001,0,0,13.904394759341093,13.904394759341093,13.904394759341093,3.4760986898352733,r,10.42829606950582,13.904394759341093,-3.4760986898352733,10.428296069505818
236,0.00390625,0000000000000000000,0000000000000000000,0,0,17.380493449176367,17.380493449176367,17.380493449176367,0.0,r,17.380493449176367,17.380493449176367,-0.0,17.380493449176363
237,0.00390625,0000000000000000000,0000000000000000000,0,0,17.380493449176367,17.380493449176367,17.380493449176367,0.0,r,17.380493449176367,17.380493449176367,-0.0,17.380493449176363
238,0.00390625,0000100000000000000,0000100000000000000,1,0,13.904394759341093,13.904394759341093,13.904394759341093,3.4760986898352733,r,10.42829606950582,13.904394759341093,-3.4760986898352733,10.428296069505818
239,0.00390625,0000000000000000000,0000000000000000000,0,0,17.380493449176367,17.380493449176367,17.380493449176367,0.0,r,17.380493449176367,17.380493449176367,-0.0,17.380493449176363
240,0.00390625,0000000000000000000,0000000000000000000,0,0,17.380493449176367,17.380493449176367,17.380493449176367,0.0,r,17.380493449176367,17.380493449176367,-0.0,17.380493449176363
241,0.00390625,0000000000001000000,0000000000001000000,0,0,13.904394759341093,13.904394759341093,13.904394759341093,3.4760986898352733,r,10.42829606950582,13.904394759341093,-3.4760986898352733,10.428296069505818
242,0.00390625,0000000000000000000,0000000000000000000,0,0,17.380493449176367,17.380493449176367,17.380493449176367,0.0,r,17.380493449176367,17.380493449176367,-0.0,17.380493449176363
243,0.00390625,0000000000000000000,0000000000000000000,0,0,17.380493449176367,17.380493449176367,17.380493449176367,0.0,r,17.380493449176367,17.380493449176367,-0.0,17.380493449176363
244,0.00390625,0000000000000000000,0000000000000000000,0,0,17.380493449176367,17.380493449176367,17.380493449176367,0.0,r,17.380493449176367,17.380493449176367,-0.0,17.380493449176363
245,0.00390625,0010000000000000000,0010000000000000000,1,0,13.904394759341093,13.904394759341093,13.904394759341093,3.4760986898352733,r,10.42829606950582,13.904394759341093,-3.4760986898352733,10.428296069505818
246,0.00390625,0000000010000000000,0000000010000000000,0,0,13.904394759341093,13.904394759341093,13.904394759341093,3.4760986898352733,r,10.42829606950582,13.904394759341093,-3.4760986898352733,10.428296069505818
247,0.00390625,0000000000000100000,0000000000000100000,0,0,13.904394759341093,13.904394759341093,17.380493449176367,3.4760986898352733,r,10.42829606950582,13.904394759341093,-3.4760986898352733,10.428296069505818
248,0.00390625,0000000000000000000,0000000000000000000,0,0,17.380493449176367,17.380493449176367,17.380493449176367,0.0,r,17.380493449176367,17.380493449176367,-0.0,17.380493449176363
249,0.00390625,0000000000000000000,0000000000000000000,0,0,17.380493449176367,17.380493449176367,17.380493449176367,0.0,r,17.380493449176367,17.380493449176367,-0.0,17.380493449176363
250,0.00390625,0000000110000000000,0000000000010010000,0,0,13.904394759341093,13.904394759341093,10.42829606950582,6.9521973796705465,b,3.476098689835273,10.42829606950582,-6.9521973796705465,3.476098689835273
251,0.00390625,0000001000000000000,0000001000000000000,0,0,13.904394759341093,17.380493449176367,13.904394759341093,3.4760986898352733,r,10.42829606950582,13.904394759341093,-3.4760986898352733,10.428296069505818
252,0.00390625,0100000000000000000,0100000000000000000,1,0,13.904394759341093,13.904394759341093,13.904394759341093,3.4760986898352733,r,10.42829606950582,13.904394759341093,-3.4760986898352733,10.428296069505818
253,0.00390625,0000000000000000000,0000000000000000000,0,0,17.380493449176367,17.380493449176367,17.380493449176367,0.0,r,17.380493449176367,17.380493449176367,-0.0,17.380493449176363
254,0.00390625,0000000000000000000,0000000000000000000,0,0,17.380493449176367,17.380493449176367,17.380493449176367,0.0,r,17.380493449176367,17.380493449176367,-0.0,17.380493449176363
255,0.00390625,0001000100000000000,0000100010000000000,1,0,10.42829606950582,10.42829606950582,13.904394759341093,6.9521973796705465,r,3.476098689835273,10.42829606950582,-6.9521973796705465,3.476098689835273
